{"cameraMode":{"drawMode":0,"name":"Shaded","section":"Shading Mode"},"sceneLighting":true,"audioPlay":false,"sceneViewState":{"showFog":true,"showMaterialUpdate":false,"showSkybox":true,"showFlares":true,"showImageEffects":true,"showParticleSystems":true},"in2DMode":false,"pivot":{"x":2.763477325439453,"y":15.907530784606934,"z":7.580150127410889},"rotation":{"x":-0.02615193836390972,"y":-0.678817093372345,"z":-0.02427930198609829,"w":0.7335129976272583},"size":9.301417350769043,"orthographic":false}