{"cameraMode":{"drawMode":0,"name":"Shaded","section":"Shading Mode"},"sceneLighting":true,"audioPlay":false,"sceneViewState":{"showFog":true,"showMaterialUpdate":false,"showSkybox":true,"showFlares":true,"showImageEffects":true,"showParticleSystems":true},"in2DMode":false,"pivot":{"x":-5.5253801345825199,"y":7.211370468139648,"z":-6.016324996948242},"rotation":{"x":-0.0169301126152277,"y":0.7843408584594727,"z":-0.021424129605293275,"w":-0.6197380423545837},"size":9.581292152404786,"orthographic":false}